Site ID,Start date,End date
:ref:`KSS`,2009-12-17 00:00,2012-03-26 00:00
:ref:`KSS`,2009-12-17 00:00,2012-03-26 00:00
:ref:`KSS`,2009-12-17 00:00,2012-03-26 00:00
:ref:`KSS`,2009-12-17 00:00,2012-03-26 00:00
:ref:`KSS`,2009-12-17 00:00,2012-03-26 00:00
:ref:`KSS`,2009-12-17 00:00,2012-03-26 00:00
:ref:`KSS`,2009-12-17 00:00,2012-03-26 00:00
:ref:`KSS`,2009-12-17 00:00,2012-03-26 00:00
:ref:`KSSW`,2012-03-26 00:00,2014-08-13 00:00
:ref:`KSSW`,2012-03-26 00:00,2014-08-13 00:00
:ref:`KSSW`,2012-03-26 00:00,2014-08-13 00:00
:ref:`KSSW`,2012-03-26 00:00,2014-08-13 00:00
:ref:`KSSW`,2012-03-26 00:00,2014-08-13 00:00
:ref:`KSSW`,2012-03-26 00:00,2014-08-13 00:00
:ref:`KSSW`,2012-03-26 00:00,2014-08-13 00:00
:ref:`KSSW`,2012-03-26 00:00,2014-08-13 00:00
:ref:`KSSW`,2014-08-13 00:00,2014-09-04 00:00
:ref:`KSSW`,2014-08-13 00:00,2014-09-04 00:00
:ref:`KSSW`,2014-08-13 00:00,2014-09-04 00:00
:ref:`KSSW`,2014-08-13 00:00,2014-09-04 00:00
:ref:`KSSW`,2014-08-13 00:00,2014-09-04 00:00
:ref:`KSSW`,2014-08-13 00:00,2014-09-04 00:00
:ref:`KSSW`,2014-08-13 00:00,2014-09-04 00:00
:ref:`KSSW`,2014-08-13 00:00,2014-09-04 00:00
:ref:`KSSW`,2014-09-04 00:00,2015-09-15 00:00
:ref:`KSSW`,2014-09-04 00:00,2015-09-15 00:00
:ref:`KSSW`,2014-09-04 00:00,2015-09-15 00:00
:ref:`KSSW`,2014-09-04 00:00,2015-09-15 00:00
:ref:`KSSW`,2014-09-04 00:00,2015-09-15 00:00
:ref:`KSSW`,2014-09-04 00:00,2015-09-15 00:00
:ref:`KSSW`,2014-09-04 00:00,2015-09-15 00:00
:ref:`KSSW`,2014-09-04 00:00,2015-09-15 00:00
